{"current":{"color_primary_button_text_hover":"#eeeeee","homepage-sections-accent-primary-color":"#5e5e5e","homepage-sections-accent-secondary-color":"#fff","colorSchemeDarkBackground":"#333","color_footer_bg":"#f2f2f2","color_footer_text":"#636363","type_header_font":"neuzeit_office_soft_rounded_n7","header-text-size":28,"heading_spacing":0,"type_base_font":"neuzeit_office_n4","type_navigation_font":"neuzeit_office_soft_rounded_n7","header_font_size":14,"button_font_style":"normal","product_page_font_size":24,"product_page_font_style":"normal","checkout_body_background_color":"#fff","checkout_input_background_color_mode":"white","checkout_sidebar_background_image":"","checkout_sidebar_background_color":"#fafafa","checkout_heading_font":"-apple-system, BlinkMacSystemFont, 'Segoe UI', Roboto, Helvetica, Arial, sans-serif, 'Apple Color Emoji', 'Segoe UI Emoji', 'Segoe UI Symbol'","checkout_body_font":"-apple-system, BlinkMacSystemFont, 'Segoe UI', Roboto, Helvetica, Arial, sans-serif, 'Apple Color Emoji', 'Segoe UI Emoji', 'Segoe UI Symbol'","checkout_accent_color":"#333","checkout_button_color":"#333","checkout_error_color":"#f26c4f","quick_add_enable":true,"sections":{"announcement-bar":{"type":"announcement-bar","settings":{"announcement-bar--background-color":"#242424","announcement-bar--text-color":"#ffffff","enable_social_icons":true}},"header":{"type":"header","settings":{"sticky_header":true,"logo-placement":"center","logo_padding":15,"logo_max_width":160,"label-enable":true,"overlay_header_homepage":true,"main_linklist":"main-menu"}},"image--slideshow":{"type":"image--slideshow","blocks":{"slideshow-0":{"type":"image","settings":{"button_label":"Shop now","button_link":"shopify:\/\/collections\/all","captionHorizontal":"right","captionAlignment":"right"}}},"block_order":["slideshow-0"],"settings":{"caption-heading-size":40,"caption-subheading-size":20,"caption-button-size":14,"show-slide-dots":true,"show-slide-arrows":false}},"collection--collection-list":{"type":"collection--collection-list","blocks":{"collection-0":{"type":"featured_collection","settings":{"subheading":"Subheading","overlay-btn-text":"Shop now","show-gradient-overlay":true}},"collection-1":{"type":"featured_collection","settings":{"subheading":"Subheading","overlay-btn-text":"Shop now","show-gradient-overlay":true}}},"block_order":["collection-0","collection-1"],"settings":{"colors":"white","title":"","richtext":"","items-per-row":2,"remove-spacing":false,"content-position":"below-image"}},"collection--featured-collection":{"type":"collection--featured-collection","settings":{"rows":1,"hover-effect":true,"show-vendor":false}},"video--video-hero":{"type":"video--video-hero","settings":{"desktopHeight":"550","mobileHeight":"350","textAlignment":"center-left","button_label":"Learn more"}},"collection--featured-collection-1":{"type":"collection--featured-collection","settings":{"hover-effect":true,"show-vendor":false}},"image--text-with-image-overlay-1":{"type":"image--image-with-text-overlay","settings":{"image_height":"30vw","bg_image_overlay_opacity":0,"parallax":true,"button_label":"Shop now"}},"image--logo-list":{"type":"image--logo-list","blocks":{"image--logo-list-0":{"type":"logo_image","settings":{}},"image--logo-list-1":{"type":"logo_image","settings":{}},"image--logo-list-2":{"type":"logo_image","settings":{}},"image--logo-list-3":{"type":"logo_image","settings":{}}},"block_order":["image--logo-list-0","image--logo-list-1","image--logo-list-2","image--logo-list-3"],"settings":{"colors":"dark"}},"text--testimonials":{"type":"text--testimonials","blocks":{"testimonials-0":{"type":"text","settings":{"image":"","testimonial_text":"<p>\"Show off incredible feedback from your customers\"<\/p>","customer_name":"John Doe","link":"","stars":5}},"testimonials-1":{"type":"text","settings":{"image":"","testimonial_text":"<p>\"Show off incredible feedback from your customers\"<\/p>","customer_name":"John Doe","link":"","stars":5}},"testimonials-2":{"type":"text","settings":{"image":"","testimonial_text":"<p>\"Show off incredible feedback from your customers\"<\/p>","customer_name":"John Doe","link":"","stars":5}}},"block_order":["testimonials-0","testimonials-1","testimonials-2"],"settings":{}},"image--image-with-text-1":{"type":"image--image-with-text","settings":{"colors":"white","text_overlapping_image":true,"text_alignment":"left","button_label":"Shop now","button_link":"shopify:\/\/collections\/all"}},"products--featured-product":{"type":"products--featured-product","settings":{"product_variant_style":"swatches"}},"image--gallery":{"type":"image--gallery","blocks":{"gallery-0":{"type":"image","settings":{"subheading":"Subheading","title":"Title"}},"gallery-1":{"type":"image","settings":{"subheading":"Subheading","title":"Title"}},"gallery-2":{"type":"image","settings":{"subheading":"Subheading","title":"Title"}},"gallery-3":{"type":"image","settings":{"subheading":"Subheading","title":"Title"}}},"block_order":["gallery-0","gallery-1","gallery-2","gallery-3"],"settings":{"title":"Gallery","content-position":"hover"}},"image--gallery-0":{"type":"image--gallery","blocks":{"gallery-0-0":{"type":"image","settings":{"subheading":"Subheading","title":"Title"}},"gallery-0-1":{"type":"image","settings":{"subheading":"Subheading","title":"Title"}},"gallery-0-2":{"type":"image","settings":{"subheading":"Subheading","title":"Title"}},"gallery-0-3":{"type":"image","settings":{"subheading":"Subheading","title":"Title"}}},"block_order":["gallery-0-0","gallery-0-1","gallery-0-2","gallery-0-3"],"settings":{"content-position":"hover"}},"blog--blog-posts":{"type":"blog--blog-posts","settings":{}},"text--text-adverts":{"type":"text--text-adverts","blocks":{"advert-0":{"type":"text","settings":{}},"advert-1":{"type":"text","settings":{}}},"block_order":["advert-0","advert-1"],"settings":{"colors":"dark"}},"footer--newsletter":{"type":"footer--newsletter","settings":{"show_section":true,"colors":"white"}},"footer":{"type":"footer","blocks":{"footer-0":{"type":"text","settings":{}},"footer-1":{"type":"menu","settings":{}},"footer-2":{"type":"newsletter","settings":{}}},"block_order":["footer-0","footer-1","footer-2"],"settings":{"show_methods_of_payment":false}},"template--page-contact":{"type":"template--page-contact","blocks":{"form-1":{"type":"text","settings":{"field-type":"text"}},"form-2":{"type":"text","settings":{"field-type":"email"}},"form-3":{"type":"text","settings":{"field-type":"textbox"}}},"block_order":["form-1","form-2","form-3"],"settings":{}},"template--product":{"type":"template--product","settings":{"trust-badge_max_width":180,"thumbnail_changes_variant":true,"image-display":"thumbnails"}},"template--collection":{"type":"template--collection","settings":{"tags_enable":false,"desktop-products-per-row":2,"hover-effect":true}},"template--collections-list":{"type":"template--collections-list","settings":{"show_title":true,"hover-effect":true}},"template--page":{"type":"template--page","blocks":{"template--page-block-1":{"type":"image_picker","settings":{"image_title":"","image_link":""}},"template--page-block-2":{"type":"text","settings":{}},"template--page-block-3":{"type":"richtext","settings":{}}},"block_order":["template--page-block-1","template--page-block-2","template--page-block-3"],"settings":{"show_sidebar":true}}},"content_for_index":["image--slideshow","collection--collection-list","collection--featured-collection","video--video-hero","collection--featured-collection-1","image--text-with-image-overlay-1","image--logo-list","text--testimonials","image--image-with-text-1","products--featured-product","image--gallery","image--gallery-0","blog--blog-posts","text--text-adverts"]},"presets":{"Queenstown":{"homepage-sections-accent-primary-color":"#5e5e5e","homepage-sections-accent-secondary-color":"#fff","colorSchemeDarkBackground":"#333","color_footer_bg":"#f2f2f2","color_footer_text":"#636363","type_header_font":"neuzeit_office_soft_rounded_n7","header-text-size":28,"type_base_font":"neuzeit_office_n4","type_navigation_font":"neuzeit_office_soft_rounded_n7","header_font_size":14,"button_font_style":"normal","heading_spacing":0,"product_page_font_size":24,"product_page_font_style":"normal","checkout_body_background_color":"#fff","checkout_input_background_color_mode":"white","checkout_sidebar_background_image":"","checkout_sidebar_background_color":"#fafafa","checkout_heading_font":"-apple-system, BlinkMacSystemFont, 'Segoe UI', Roboto, Helvetica, Arial, sans-serif, 'Apple Color Emoji', 'Segoe UI Emoji', 'Segoe UI Symbol'","checkout_body_font":"-apple-system, BlinkMacSystemFont, 'Segoe UI', Roboto, Helvetica, Arial, sans-serif, 'Apple Color Emoji', 'Segoe UI Emoji', 'Segoe UI Symbol'","checkout_accent_color":"#333","checkout_button_color":"#333","checkout_error_color":"#f26c4f","color_primary_button_text_hover":"#eeeeee","quick_add_enable":true,"sections":{"announcement-bar":{"type":"announcement-bar","settings":{"announcement-bar--background-color":"#242424","announcement-bar--text-color":"#ffffff","enable_social_icons":true}},"header":{"type":"header","settings":{"sticky_header":true,"logo-placement":"center","logo_padding":15,"logo_max_width":160,"label-enable":true,"overlay_header_homepage":true,"main_linklist":"main-menu"}},"image--slideshow":{"type":"image--slideshow","blocks":{"slideshow-0":{"type":"image","settings":{"button_label":"Shop now","button_link":"shopify:\/\/collections\/all","captionHorizontal":"right","captionAlignment":"right"}}},"block_order":["slideshow-0"],"settings":{"caption-heading-size":40,"caption-subheading-size":20,"caption-button-size":14,"show-slide-dots":true,"show-slide-arrows":false}},"collection--collection-list":{"type":"collection--collection-list","blocks":{"collection-0":{"type":"featured_collection","settings":{"subheading":"Subheading","overlay-btn-text":"Shop now","show-gradient-overlay":true}},"collection-1":{"type":"featured_collection","settings":{"subheading":"Subheading","overlay-btn-text":"Shop now","show-gradient-overlay":true}}},"block_order":["collection-0","collection-1"],"settings":{"colors":"white","title":"","richtext":"","items-per-row":2,"remove-spacing":false,"content-position":"below-image"}},"collection--featured-collection":{"type":"collection--featured-collection","settings":{"rows":1,"hover-effect":true,"show-vendor":false}},"video--video-hero":{"type":"video--video-hero","settings":{"desktopHeight":"550","mobileHeight":"350","textAlignment":"center-left","button_label":"Learn more"}},"collection--featured-collection-1":{"type":"collection--featured-collection","settings":{"hover-effect":true,"show-vendor":false}},"image--text-with-image-overlay-1":{"type":"image--image-with-text-overlay","settings":{"image_height":"30vw","bg_image_overlay_opacity":0,"parallax":true,"button_label":"Shop now"}},"image--logo-list":{"type":"image--logo-list","blocks":{"image--logo-list-0":{"type":"logo_image","settings":{}},"image--logo-list-1":{"type":"logo_image","settings":{}},"image--logo-list-2":{"type":"logo_image","settings":{}},"image--logo-list-3":{"type":"logo_image","settings":{}}},"block_order":["image--logo-list-0","image--logo-list-1","image--logo-list-2","image--logo-list-3"],"settings":{"colors":"dark"}},"text--testimonials":{"type":"text--testimonials","blocks":{"testimonials-0":{"type":"text","settings":{"image":"","testimonial_text":"<p>\"Show off incredible feedback from your customers\"<\/p>","customer_name":"John Doe","link":"","stars":5}},"testimonials-1":{"type":"text","settings":{"image":"","testimonial_text":"<p>\"Show off incredible feedback from your customers\"<\/p>","customer_name":"John Doe","link":"","stars":5}},"testimonials-2":{"type":"text","settings":{"image":"","testimonial_text":"<p>\"Show off incredible feedback from your customers\"<\/p>","customer_name":"John Doe","link":"","stars":5}}},"block_order":["testimonials-0","testimonials-1","testimonials-2"],"settings":{}},"image--image-with-text-1":{"type":"image--image-with-text","settings":{"colors":"white","text_overlapping_image":true,"text_alignment":"left","button_label":"Shop now","button_link":"shopify:\/\/collections\/all"}},"products--featured-product":{"type":"products--featured-product","settings":{"product_variant_style":"swatches"}},"image--gallery":{"type":"image--gallery","blocks":{"gallery-0":{"type":"image","settings":{"subheading":"Subheading","title":"Title"}},"gallery-1":{"type":"image","settings":{"subheading":"Subheading","title":"Title"}},"gallery-2":{"type":"image","settings":{"subheading":"Subheading","title":"Title"}},"gallery-3":{"type":"image","settings":{"subheading":"Subheading","title":"Title"}}},"block_order":["gallery-0","gallery-1","gallery-2","gallery-3"],"settings":{"title":"Gallery","content-position":"hover"}},"image--gallery-0":{"type":"image--gallery","blocks":{"gallery-0-0":{"type":"image","settings":{"subheading":"Subheading","title":"Title"}},"gallery-0-1":{"type":"image","settings":{"subheading":"Subheading","title":"Title"}},"gallery-0-2":{"type":"image","settings":{"subheading":"Subheading","title":"Title"}},"gallery-0-3":{"type":"image","settings":{"subheading":"Subheading","title":"Title"}}},"block_order":["gallery-0-0","gallery-0-1","gallery-0-2","gallery-0-3"],"settings":{"content-position":"hover"}},"blog--blog-posts":{"type":"blog--blog-posts","settings":{}},"text--text-adverts":{"type":"text--text-adverts","blocks":{"advert-0":{"type":"text","settings":{}},"advert-1":{"type":"text","settings":{}}},"block_order":["advert-0","advert-1"],"settings":{"colors":"dark"}},"footer--newsletter":{"type":"footer--newsletter","settings":{"show_section":true,"colors":"white"}},"footer":{"type":"footer","blocks":{"footer-0":{"type":"text","settings":{}},"footer-1":{"type":"menu","settings":{}},"footer-2":{"type":"newsletter","settings":{}}},"block_order":["footer-0","footer-1","footer-2"],"settings":{"show_methods_of_payment":false}},"template--page-contact":{"type":"template--page-contact","blocks":{"form-1":{"type":"text","settings":{"field-type":"text"}},"form-2":{"type":"text","settings":{"field-type":"email"}},"form-3":{"type":"text","settings":{"field-type":"textbox"}}},"block_order":["form-1","form-2","form-3"],"settings":{}},"template--product":{"type":"template--product","settings":{"trust-badge_max_width":180,"thumbnail_changes_variant":true,"image-display":"thumbnails"}},"template--collection":{"type":"template--collection","settings":{"tags_enable":false,"desktop-products-per-row":2,"hover-effect":true}},"template--collections-list":{"type":"template--collections-list","settings":{"show_title":true,"hover-effect":true}},"template--page":{"type":"template--page","blocks":{"template--page-block-1":{"type":"image_picker","settings":{"image_title":"","image_link":""}},"template--page-block-2":{"type":"text","settings":{}},"template--page-block-3":{"type":"richtext","settings":{}}},"block_order":["template--page-block-1","template--page-block-2","template--page-block-3"],"settings":{"show_sidebar":true}}},"content_for_index":["image--slideshow","collection--collection-list","collection--featured-collection","video--video-hero","collection--featured-collection-1","image--text-with-image-overlay-1","image--logo-list","text--testimonials","image--image-with-text-1","products--featured-product","image--gallery","image--gallery-0","blog--blog-posts","text--text-adverts"]},"Byron":{"color_body_text":"#373737","color_primary":"#373737","color_body_bg_secondary":"#F4F4F4","sale_badge_color":"#373737","sale_price_color":"#373737","sold_out_badge_color":"#373737","cart_color":"#373737","color_primary_navigation":"#373737","color_primary_navigation_hover":"#949494","header-border-color":"#373737","header-transparent-background":"#373737","mobile-menu-bg":"#f8f8f8","mobile-menu-text":"#373737","mobile-menu-text-hover":"#696969","color_primary_button_background":"#373737","color_primary_button_background_hover":"#cac9c9","color_primary_button_text_hover":"#373737","color_secondary_button_background":"#707070","color_secondary_button_text":"#f8f8f8","color_secondary_button_background_hover":"#cac9c9","color_secondary_button_text_hover":"#373737","colorSchemeLightBackground":"#f8f8f8","colorSchemeLightText":"#373737","homepage-sections-accent-primary-color":"#757575","homepage-sections-accent-secondary-color":"#ffffff","colorSchemeDarkBackground":"#2b2b2b","pop-up-background-color":"#F4F4F4","pop-up-text-color":"#373737","cart-drawer-bg":"#F4F4F4","cart-drawer-text":"#373737","color_footer_bg":"#F4F4F4","color_footer_text":"#373737","type_header_font":"montserrat_n7","header-text-size":28,"heading_spacing":3,"type_base_font":"neuzeit_office_n4","type_navigation_font":"montserrat_n5","header_font_size":13,"header_font_case":"uppercase","announcement_text_size":12,"announcement_text_style":"bold","ajax_cart_method":"drawer","giftwrap_gift_note":true,"show_reviews":true,"parallax":false,"collection-image-size":"30vh","giftwrap_enable":true,"giftwrap_product_selector":"gift-wrap","enable_breadcrumbs":false,"popup--enable":true,"desktop-popup-style":"slide-up","sections":{"announcement-bar":{"type":"announcement-bar","settings":{"enable_announcement_bar":false,"announcement-bar--background-color":"#242424","announcement-bar--text-color":"#ffffff","enable_social_icons":true}},"header":{"type":"header","settings":{"logo_padding":30,"logo_max_width":120,"overlay_header_homepage":true,"main_linklist":"main-menu"}},"footer--newsletter":{"type":"footer--newsletter","settings":{"show_section":true,"colors":"dark"}},"footer":{"type":"footer","blocks":{"footer-0":{"type":"text","settings":{}},"footer-1":{"type":"menu","settings":{}},"footer-2":{"type":"newsletter","settings":{}}},"block_order":["footer-0","footer-1","footer-2"],"settings":{"show_methods_of_payment":false}},"video--video-hero":{"type":"video--video-hero","settings":{"desktopHeight":"750","mobileHeight":"550","title":"","subheading":"","heading--text-size":50}},"text--text-adverts":{"type":"text--text-adverts","blocks":{"text--text-adverts-0":{"type":"text","settings":{}},"text--text-adverts-1":{"type":"text","settings":{}},"text--text-adverts-2":{"type":"text","settings":{}}},"block_order":["text--text-adverts-0","text--text-adverts-1","text--text-adverts-2"],"settings":{}},"image--gallery":{"type":"image--gallery","blocks":{"image--gallery-0":{"type":"image","settings":{"subheading":"NEW","title":"MUST HAVES"}},"image--gallery-1":{"type":"image","settings":{"subheading":"NEW","title":"MUST HAVES"}}},"block_order":["image--gallery-0","image--gallery-1"],"settings":{"remove-spacing":false,"full-width":true,"content-position":"hover"}},"collection--featured-collection":{"type":"collection--featured-collection","settings":{"title":"FEATURED COLLECTION","grid-desktop":3,"hover-effect":true}},"image--slideshow":{"type":"image--slideshow","blocks":{"image--slideshow-0":{"type":"image","settings":{"title":"SHARE YOUR STORY","button_label":"Shop now","button_link":"shopify:\/\/collections\/all","button-text":"#333333","button-background":"#ffffff"}},"image--slideshow-1":{"type":"image","settings":{"title":"SHARE YOUR STORY","button_label":"Shop now","button_link":"shopify:\/\/collections\/all","button-text":"#333333","button-background":"#ffffff","captionHorizontal":"right","captionAlignment":"right"}}},"block_order":["image--slideshow-0","image--slideshow-1"],"settings":{"slider-width":"full-width","caption-heading-size":46}},"collection--featured-collection-1":{"type":"collection--featured-collection","settings":{"title":"FEATURED COLLECTION","grid-desktop":3,"hover-effect":true}},"video--video-hero-1":{"type":"video--video-hero","settings":{"desktopHeight":"550","mobileHeight":"550","title":"","textColor":"#373737","textShadow":true,"heading--text-size":46,"subheading--text-size":24,"button-text":"#373737","button-background":"#ffffff"}},"text--testimonials":{"type":"text--testimonials","blocks":{"text--testimonials-0":{"type":"text","settings":{"testimonial_text":"<p>\"Show off incredible feedback from your customers\"<\/p>","customer_name":"John Doe","stars":5}},"text--testimonials-1":{"type":"text","settings":{"testimonial_text":"<p>\"Show off incredible feedback from your customers\"<\/p>","customer_name":"John Doe","stars":5}}},"block_order":["text--testimonials-0","text--testimonials-1"],"settings":{"title":"TESTIMONIALS"}},"collection--collection-list":{"type":"collection--collection-list","blocks":{"collection--collection-list-0":{"type":"featured_collection","settings":{"subheading":"Subheading","overlay-btn-text":""}},"collection--collection-list-1":{"type":"featured_collection","settings":{"subheading":"Subheading","overlay-btn-text":""}},"collection--collection-list-2":{"type":"featured_collection","settings":{"subheading":"Subheading","overlay-btn-text":""}},"collection--collection-list-3":{"type":"featured_collection","settings":{"subheading":"Subheading","overlay-btn-text":""}},"collection--collection-list-4":{"type":"featured_collection","settings":{"subheading":"Subheading","overlay-btn-text":""}}},"block_order":["collection--collection-list-0","collection--collection-list-1","collection--collection-list-2","collection--collection-list-3","collection--collection-list-4"],"settings":{"colors":"white","title":"","section-width":"content","content-position":"hover"}},"blog--blog-posts":{"type":"blog--blog-posts","settings":{"colors":"light","title":"FROM THE BLOG","post_limit":2}},"image--gallery-1":{"type":"image--gallery","blocks":{"image--gallery-1-0":{"type":"image","settings":{"image":"shopify:\/\/shop_images\/9.png","link":""}},"image--gallery-1-1":{"type":"image","settings":{"image":"shopify:\/\/shop_images\/9.png","link":""}},"image--gallery-1-2":{"type":"image","settings":{"image":"shopify:\/\/shop_images\/9.png","link":""}},"image--gallery-1-3":{"type":"image","settings":{"image":"shopify:\/\/shop_images\/9.png","link":""}}},"block_order":["image--gallery-1-0","image--gallery-1-1","image--gallery-1-2","image--gallery-1-3"],"settings":{"title":"Gallery","richtext":"<p>Tell your story with images<\/p>","remove-spacing":false,"section-width":"content"}},"template--page-contact":{"type":"template--page-contact","blocks":{"form-1":{"type":"text","settings":{"field-type":"text"}},"form-2":{"type":"text","settings":{"field-type":"email"}},"form-3":{"type":"text","settings":{"field-type":"textbox"}}},"block_order":["form-1","form-2","form-3"],"settings":{"layout":"right"}},"template--product":{"type":"template--product","settings":{"trust-badge_max_width":180,"enable_out_of_stock_form":true,"thumbnail_changes_variant":true,"hide_soldout_variants":false,"image-display":"thumbnails","enable_image_zoom":true}},"template--collection":{"type":"template--collection","settings":{"desktop-products-per-row":2,"collection-products-per-page":7,"pagination_options":"pagination_default","hover-effect":true}},"template--collections-list":{"type":"template--collections-list","settings":{"show_title":true,"hover-effect":true}}},"content_for_index":["video--video-hero","text--text-adverts","image--gallery","collection--featured-collection","image--slideshow","collection--featured-collection-1","video--video-hero-1","text--testimonials","collection--collection-list","blog--blog-posts","image--gallery-1"]},"Cannes":{"color_body_text":"#323131","color_primary":"#343434","color_body_bg_secondary":"#EFEFEF","sale_badge_color":"#6B6B6B","sale_price_color":"#6B6B6B","sold_out_badge_color":"#323131","cart_color":"#757575","color_primary_navigation":"#323131","color_primary_navigation_hover":"#757575","header-transparent-background":"#323131","mobile-menu-text":"#323131","mobile-menu-text-hover":"#757575","color_primary_button_background":"#D2D1D1","color_primary_button_text":"#323131","color_primary_button_background_hover":"#757575","color_secondary_button_background":"#323131","color_secondary_button_background_hover":"#757575","colorSchemeLightBackground":"#F1F1F1","colorSchemeLightText":"#323131","homepage-sections-accent-primary-color":"#757575","homepage-sections-accent-secondary-color":"#ffffff","colorSchemeDarkBackground":"#323131","pop-up-text-color":"#323131","cart-drawer-text":"#323131","color_footer_bg":"#F2F2F2","color_footer_text":"#323131","type_header_font":"tenor_sans_n4","header-text-size":22,"heading_spacing":2,"heading_font_case":"uppercase","type_base_font":"avenir_next_n4","typography-body-font-size":16,"type_navigation_font":"avenir_next_n4","header_font_size":15,"button_text_case":"uppercase","button_font_size":14,"product_page_font_size":28,"ajax_cart_method":"added","giftwrap_gift_note":true,"show_reviews":true,"giftwrap_enable":true,"popup--enable":true,"desktop-popup-style":"slide-up","sections":{"announcement-bar":{"type":"announcement-bar","settings":{"announcement-bar--background-color":"#f5f5f5","announcement-bar--text-color":"#323131"}},"header":{"type":"header","settings":{"logo-placement":"center","logo_padding":25,"logo_max_width":150,"overlay_header_homepage":true}},"footer":{"type":"footer","blocks":{"footer-0":{"type":"text","settings":{}},"footer-1":{"type":"menu","settings":{}},"footer-2":{"type":"newsletter","settings":{}},"footer-3":{"type":"social","settings":{}}},"block_order":["footer-0","footer-1","footer-2","footer-3"],"settings":{"show_methods_of_payment":true,"show_locale_selector":false}},"image--slideshow":{"type":"image--slideshow","blocks":{"slideshow-0":{"type":"image","settings":{"button_label":"Shop now","button_link":"shopify:\/\/collections\/all","button-text":"#323131","button-background":"#ffffff","captionHorizontal":"right","captionAlignment":"right"}}},"block_order":["slideshow-0"],"settings":{"caption-heading-size":40,"caption-subheading-size":18,"show-slide-arrows":false}},"collection--collection-list":{"type":"collection--collection-list","blocks":{"collection-0":{"type":"featured_collection","settings":{"subheading":"","show-gradient-overlay":false,"overlay_color":"#ededed"}},"collection-1":{"type":"featured_collection","settings":{"subheading":"","show-gradient-overlay":false,"overlay_color":"#37302c"}},"collection-2":{"type":"featured_collection","settings":{"subheading":"","show-gradient-overlay":false,"overlay_color":"#efefef"}}},"block_order":["collection-0","collection-1","collection-2"],"settings":{"colors":"white","title":"","items-per-row":2}},"image--gallery":{"type":"image--gallery","blocks":{"gallery-0":{"type":"image","settings":{"link":"shopify:\/\/collections\/all","subheading":"Subheading","title":"Gallery","overlay-btn-text":"SHOP NOW","overlay_font_color":"#333333","overlay_color":"#D2D1D1"}},"gallery-1":{"type":"image","settings":{"link":"shopify:\/\/collections\/all","subheading":"Subheading","title":"Gallery","overlay-btn-text":"SHOP NOW","overlay_font_color":"#333333","overlay_color":"#D2D1D1"}},"gallery-3":{"type":"image","settings":{"link":"shopify:\/\/collections\/all","subheading":"Subheading","title":"Gallery","overlay-btn-text":"SHOP NOW","overlay_font_color":"#333333","overlay_color":"#D2D1D1"}},"gallery-2":{"type":"image","settings":{"link":"shopify:\/\/collections\/all","subheading":"Subheading","title":"Gallery","overlay-btn-text":"SHOP NOW","overlay_font_color":"#333333","overlay_color":"#D2D1D1"}}},"block_order":["gallery-0","gallery-1","gallery-3","gallery-2"],"settings":{"content-position":"hover"}},"image--gallery-0":{"type":"image--gallery","blocks":{"gallery-0-0":{"type":"image","settings":{"link":"shopify:\/\/collections\/all","subheading":"Subheading","title":"Gallery","overlay-btn-text":"SHOP NOW","overlay_font_color":"#333333","overlay_color":"#D2D1D1"}},"gallery-0-1":{"type":"image","settings":{"link":"shopify:\/\/collections\/all","subheading":"Subheading","title":"Gallery","overlay-btn-text":"SHOP NOW","overlay_font_color":"#333333","overlay_color":"#D2D1D1"}},"gallery-0-3":{"type":"image","settings":{"link":"shopify:\/\/collections\/all","subheading":"Subheading","title":"Gallery","overlay-btn-text":"SHOP NOW","overlay_font_color":"#333333","overlay_color":"#D2D1D1"}},"gallery-0-2":{"type":"image","settings":{"link":"shopify:\/\/collections\/all","subheading":"Subheading","title":"Gallery","overlay-btn-text":"SHOP NOW","overlay_font_color":"#333333","overlay_color":"#D2D1D1"}}},"block_order":["gallery-0-0","gallery-0-1","gallery-0-3","gallery-0-2"],"settings":{"content-position":"hover"}},"text--testimonials":{"type":"text--testimonials","blocks":{"text--testimonials-0":{"type":"text","settings":{"testimonial_text":"<p>\"Show off incredible feedback from your customers\"<\/p>","customer_name":"John Doe","stars":0}}},"block_order":["text--testimonials-0"],"settings":{"colors":"accent","circle_images":false,"title":""}},"image--image-with-text":{"type":"image--image-with-text","settings":{"title":"Image with text","text":"<p>Share brand or product details<\/p>","button_label":"Shop now","button_link":"shopify:\/\/collections\/all"}},"image--image-with-text-0":{"type":"image--image-with-text","settings":{"layout":"right","title":"Image with text","text":"<p>Share brand or product details<\/p>","button_label":"Shop now","button_link":"shopify:\/\/collections\/all"}},"newsletter--newsletter":{"type":"newsletter--newsletter","settings":{"colors":"dark"}},"products--featured-product":{"type":"products--featured-product","settings":{}},"blog--blog-posts":{"type":"blog--blog-posts","settings":{}},"image--logo-list":{"type":"image--logo-list","blocks":{"image--logo-list-0":{"type":"logo_image","settings":{}},"image--logo-list-1":{"type":"logo_image","settings":{}},"image--logo-list-2":{"type":"logo_image","settings":{}},"image--logo-list-3":{"type":"logo_image","settings":{}},"image--logo-list-4":{"type":"logo_image","settings":{}}},"block_order":["image--logo-list-0","image--logo-list-1","image--logo-list-2","image--logo-list-3","image--logo-list-4"],"settings":{"colors":"light","width":130,"title":"As seen in"}},"video--video-hero":{"type":"video--video-hero","settings":{"desktopHeight":"450","mobileHeight":"350","textColor":"#323131","textShadow":true,"heading--text-size":38}},"template--product":{"type":"template--product","settings":{"trust-badge_max_width":180,"thumbnail_changes_variant":true,"image-display":"thumbnails"}},"template--page-contact":{"type":"template--page-contact","blocks":{"form-1":{"type":"text","settings":{"field-type":"text"}},"form-2":{"type":"text","settings":{"field-type":"email"}},"form-3":{"type":"text","settings":{"field-type":"textbox"}}},"block_order":["form-1","form-2","form-3"],"settings":{"layout":"left"}},"template--collection":{"type":"template--collection","settings":{"desktop-products-per-row":3,"pagination_options":"pagination_infinite_scrolling"}},"template--collections-list":{"type":"template--collections-list","settings":{"show_title":true,"hover-effect":true}}},"content_for_index":["image--slideshow","collection--collection-list","image--gallery","image--gallery-0","text--testimonials","image--image-with-text","image--image-with-text-0","newsletter--newsletter","products--featured-product","blog--blog-posts","image--logo-list","video--video-hero"]}}}